Student ID,Student Name,Gender,Department,Graduation Year,CGPA,Prev Sem Result,Backlogs,Technical Skills Score,Communication Skills,Aptitude Score,Projects Completed,Attendance Percentage,Internship Experience,Internship Duration Months,Internship Domain,Placement Chance Percentage,Placement Status,Placement Package LPA,Company Type
STU0001,Kavya Singh,Female,IT,2025,6.51,5.17,0,3,5,45,1,65.8,Yes,2,Finance,61,Placed,4.73,MNC
STU0002,Megha Gupta,Female,CSE,2025,7.21,9.09,0,9,10,70,6,83.1,Yes,10,Cloud Computing,97,Placed,9.37,Startup
STU0003,Amit Jain,Male,BBA,2025,7.04,5.68,1,10,8,78,1,91.1,Yes,1,Data Analytics,85,Placed,7.83,Mid-Size
STU0004,Sumit Yadav,Male,MBA,2025,8.92,7.75,3,8,7,86,0,96.3,No,0,None,71,Not Placed,0,None
STU0005,Shreya Sharma,Female,ME,2026,9.55,9.37,0,3,3,94,0,84.7,Yes,8,Finance,77,Not Placed,0,None
STU0006,Riya Tiwari,Female,CSE,2025,6.6,7.99,0,3,3,46,4,89.1,Yes,5,Web Development,64,Not Placed,0,None
STU0007,Vivek Gupta,Male,IT,2025,6.82,5.48,0,4,6,56,5,63,No,0,None,68,Not Placed,0,None
STU0008,Khushi Gupta,Female,ECE,2024,5.58,5.96,0,10,5,81,4,72.8,Yes,10,Data Analytics,82,Placed,5.09,Mid-Size
STU0009,Aditya Sharma,Male,CSE,2025,9.5,6.63,1,6,3,68,3,68.5,Yes,6,Web Development,78,Not Placed,0,None
STU0010,Sakshi Verma,Female,MBA,2025,6.08,8.72,0,9,7,53,2,76.3,Yes,2,Cloud Computing,80,Placed,4.32,Startup
STU0011,Ritu Tiwari,Female,BBA,2026,8.6,7.75,0,9,3,99,3,68.5,Yes,9,Marketing,90,Not Placed,0,None
STU0012,Manish Verma,Male,ECE,2024,9.73,9.15,1,3,9,65,5,87.8,No,0,None,82,Placed,15.64,MNC
STU0013,Pooja Tiwari,Female,ECE,2025,6.96,8.02,0,6,3,52,2,74.8,No,0,None,64,Placed,5.83,Startup
STU0014,Neha Dubey,Female,CSE,2024,7.09,6.7,0,4,9,76,4,87,Yes,8,Web Development,83,Placed,5.79,MNC
STU0015,Payal Verma,Female,CSE,2024,9.33,6.27,2,5,9,72,4,88.3,No,0,None,78,Placed,10.97,Startup
STU0016,Ritu Gupta,Female,IT,2024,7.2,7.46,0,6,10,57,6,81,Yes,11,AI/ML,90,Placed,8.81,MNC
STU0017,Rohit Singh,Male,BBA,2024,9.72,9.19,0,6,9,56,6,63,Yes,7,AI/ML,97,Not Placed,0,None
STU0018,Nitin Dubey,Male,ECE,2025,7.77,5.58,2,6,5,70,5,86.2,Yes,5,Data Analytics,73,Placed,5.63,MNC
STU0019,Simran Yadav,Female,ECE,2024,9.46,5.6,0,5,10,91,0,65.7,No,0,None,87,Placed,13.01,Startup
STU0020,Karan Yadav,Male,CSE,2026,5.78,6.2,1,9,4,56,1,81.7,No,0,None,61,Placed,5.29,Startup
STU0021,Ayush Sharma,Male,MBA,2025,5.97,7.11,0,7,10,59,0,91.8,Yes,1,Data Analytics,79,Placed,5.64,MNC
STU0022,Arjun Sharma,Male,CSE,2024,7.04,8.99,0,9,7,93,0,85.9,No,0,None,81,Placed,6.03,Startup
STU0023,Nisha Jain,Female,BBA,2026,9.54,7.26,0,10,9,98,1,73.9,No,0,None,97,Placed,10.64,MNC
STU0024,Raj Dubey,Male,ME,2025,8.58,8.33,1,5,3,67,2,93.8,Yes,7,Data Analytics,72,Placed,15.57,MNC
STU0025,Karan Singh,Male,ME,2025,8.26,8.84,0,5,7,68,5,62,Yes,6,Cloud Computing,85,Placed,9.72,Mid-Size
STU0026,Kavya Sharma,Female,ECE,2026,6.29,7.85,0,6,6,78,1,60.2,No,0,None,67,Not Placed,0,None
STU0027,Aditi Gupta,Female,ME,2024,7.23,6.17,0,6,10,88,2,83.7,Yes,6,AI/ML,88,Placed,5.78,Mid-Size
STU0028,Karan Sharma,Male,BBA,2025,9.67,5.44,0,8,3,58,6,88,Yes,12,Data Analytics,93,Placed,11.61,Mid-Size
STU0029,Akash Dubey,Male,ECE,2026,6.28,5.21,1,5,10,82,5,63.6,Yes,8,Cloud Computing,78,Placed,3.68,Mid-Size
STU0030,Khushi Mishra,Female,BBA,2026,8.54,7.04,2,4,4,78,5,62,Yes,2,Marketing,69,Not Placed,0,None
STU0031,Ayush Gupta,Male,CSE,2024,9.53,8.92,0,6,7,71,3,94.6,Yes,11,Web Development,93,Placed,11.19,MNC
STU0032,Khushi Tiwari,Female,ME,2026,7.33,5.85,1,4,3,65,0,90.4,No,0,None,55,Not Placed,0,None
STU0033,Anjali Singh,Female,CSE,2024,8.73,7.97,0,7,3,73,0,92.4,Yes,3,Web Development,81,Placed,13.09,Startup
STU0034,Nitin Tiwari,Male,ME,2026,6.26,7.29,0,6,4,80,2,92.6,Yes,2,AI/ML,72,Placed,3.69,Mid-Size
STU0035,Tanvi Gupta,Female,BBA,2024,8.97,9.34,0,6,9,93,6,93.9,No,0,None,95,Placed,12.59,Mid-Size
STU0036,Vivek Verma,Male,ECE,2026,8.58,7.78,1,6,3,69,2,89.2,Yes,6,Marketing,74,Not Placed,0,None
STU0037,Ankit Verma,Male,ECE,2025,6.92,6.53,0,7,5,58,0,76.9,Yes,3,Marketing,73,Not Placed,0,None
STU0038,Riya Patel,Female,MBA,2026,5.53,6.49,0,10,6,71,1,86.3,No,0,None,74,Placed,3.91,Mid-Size
STU0039,Arjun Jain,Male,IT,2024,6.47,8.43,0,9,7,56,3,78.6,Yes,3,Finance,83,Placed,3.1,Mid-Size
STU0040,Shreya Gupta,Female,BBA,2026,8.67,6.38,0,8,9,96,6,99.8,No,0,None,97,Placed,13.69,Startup
STU0041,Sumit Jain,Male,CSE,2024,8.24,5.2,0,5,8,80,0,86.2,Yes,9,Marketing,83,Placed,9.81,Startup
STU0042,Ankit Tiwari,Male,BBA,2024,7.21,7.54,0,8,8,61,0,67.4,Yes,1,AI/ML,82,Placed,9.47,Mid-Size
STU0043,Vivek Yadav,Male,BBA,2024,6.25,9.12,0,7,6,80,1,64.9,Yes,9,Web Development,75,Placed,4.19,Startup
STU0044,Pooja Mishra,Female,ME,2025,5.86,7.52,0,7,4,51,3,61.6,Yes,9,Data Analytics,69,Not Placed,0,None
STU0045,Manish Mishra,Male,MBA,2026,7.49,5.95,0,8,10,64,6,63.9,No,0,None,90,Placed,9.51,MNC
STU0046,Priya Jain,Female,IT,2024,9.3,5.76,0,6,3,54,4,74.1,Yes,5,Cloud Computing,83,Placed,8.64,Mid-Size
STU0047,Rohit Singh,Male,ECE,2024,6.66,6.38,0,7,7,46,2,76.8,Yes,4,Web Development,77,Placed,5.73,Mid-Size
STU0048,Vikas Patel,Male,ME,2024,5.89,9,0,8,3,96,6,97.7,Yes,4,Cloud Computing,81,Placed,5.66,Startup
STU0049,Manish Verma,Male,BBA,2024,8.61,5.19,0,4,8,96,3,71.2,Yes,6,Cloud Computing,88,Placed,13.43,Startup
STU0050,Amit Tiwari,Male,IT,2024,9.02,6.73,1,3,5,68,6,68.7,Yes,5,Cloud Computing,77,Placed,16.67,Startup
STU0051,Akash Yadav,Male,ME,2026,6.65,7.99,0,8,7,83,0,70,No,0,None,75,Placed,5.77,Mid-Size
STU0052,Vivek Singh,Male,CSE,2024,6.16,5.1,3,5,3,50,3,70.4,Yes,9,Finance,48,Placed,3.83,MNC
STU0053,Megha Singh,Female,CSE,2026,7.03,5.27,1,7,6,53,1,75.2,Yes,8,Cloud Computing,71,Not Placed,0,None
STU0054,Komal Jain,Female,IT,2026,7.02,6.9,3,5,6,96,5,65.2,Yes,11,Marketing,65,Placed,9.06,Startup
STU0055,Nitin Singh,Male,BBA,2025,7.51,9.19,0,9,8,78,0,66.9,Yes,1,Data Analytics,88,Not Placed,0,None
STU0056,Aditya Singh,Male,BBA,2024,9.02,9.54,0,9,9,69,1,78.5,Yes,2,Web Development,97,Placed,11.28,Startup
STU0057,Manish Verma,Male,CSE,2024,8.36,8.09,0,10,10,59,1,98.6,No,0,None,93,Placed,7.79,MNC
STU0058,Kavya Sharma,Female,IT,2024,6.5,6.9,0,9,7,66,6,85.7,Yes,4,Marketing,89,Placed,3.73,Mid-Size
STU0059,Rohit Jain,Male,ME,2025,9.19,9.59,1,3,9,80,3,99.6,Yes,10,Finance,84,Placed,14.23,Mid-Size
STU0060,Arjun Singh,Male,ECE,2026,7.9,6.62,0,9,7,88,5,71.7,No,0,None,90,Placed,8.89,Mid-Size
STU0061,Akash Verma,Male,MBA,2025,8.16,5.53,2,5,9,61,4,87.2,Yes,2,Marketing,77,Not Placed,0,None
STU0062,Pooja Verma,Female,ME,2025,6.45,5.14,1,8,7,50,3,96.5,Yes,12,AI/ML,76,Placed,4.7,Startup
STU0063,Karan Dubey,Male,ME,2025,8.9,6.06,3,7,3,78,1,85.9,No,0,None,61,Placed,13.41,Mid-Size
STU0064,Ritu Jain,Female,ECE,2025,6.42,7.21,0,8,3,82,1,95.7,Yes,3,Cloud Computing,75,Placed,5.94,Mid-Size
STU0065,Megha Singh,Female,ME,2026,6.75,7.06,0,4,9,57,4,86.3,No,0,None,73,Not Placed,0,None
STU0066,Riya Dubey,Female,MBA,2025,6.85,6.88,0,4,6,49,1,92.2,No,0,None,64,Placed,4.23,MNC
STU0067,Simran Gupta,Female,ECE,2026,7.67,7.51,0,3,7,48,0,78.8,Yes,12,Data Analytics,70,Placed,6.78,Mid-Size
STU0068,Ritu Mishra,Female,BBA,2026,9.15,7.93,0,8,10,64,3,66.7,Yes,7,AI/ML,97,Placed,16.82,Mid-Size
STU0069,Aditi Verma,Female,ECE,2024,9.18,9.44,0,9,5,98,5,89.4,Yes,4,AI/ML,97,Placed,16.72,Startup
STU0070,Priya Tiwari,Female,CSE,2024,7.14,5.95,0,7,3,74,4,89.4,Yes,2,Data Analytics,79,Placed,6.76,Startup
STU0071,Yash Patel,Male,IT,2025,6.32,7.82,0,5,7,92,0,96.1,Yes,9,Cloud Computing,75,Not Placed,0,None
STU0072,Pooja Mishra,Female,ECE,2026,9.48,8.49,0,9,3,91,6,63.8,Yes,4,Marketing,97,Placed,11.21,Startup
STU0073,Ankit Singh,Male,MBA,2026,8.26,8.64,0,3,7,86,0,71.3,Yes,5,Finance,77,Not Placed,0,None
STU0074,Kavya Verma,Female,BBA,2025,6.74,6.8,0,10,8,83,5,96.1,No,0,None,90,Placed,3.91,MNC
STU0075,Pooja Verma,Female,ECE,2026,6.33,9.16,3,8,10,72,1,96.8,Yes,6,Marketing,70,Not Placed,0,None
STU0076,Aditya Jain,Male,ECE,2026,9.01,6.22,0,7,6,97,5,96.9,Yes,10,Data Analytics,97,Placed,11.61,Startup
STU0077,Neha Sharma,Female,BBA,2025,8.51,6.23,0,9,8,84,3,65.2,Yes,11,Marketing,97,Placed,11.82,Mid-Size
STU0078,Vikas Gupta,Male,IT,2025,6.88,9.54,3,9,4,67,4,68.5,Yes,4,Marketing,65,Placed,4.44,Mid-Size
STU0079,Megha Dubey,Female,MBA,2025,6.94,9.34,1,3,4,72,0,62.2,No,0,None,52,Not Placed,0,None
STU0080,Vivek Dubey,Male,IT,2024,8.55,7.15,1,3,4,64,4,68.6,No,0,None,64,Not Placed,0,None
STU0081,Aditi Tiwari,Female,BBA,2024,6.87,7.24,0,5,3,82,0,77.1,No,0,None,62,Not Placed,0,None
STU0082,Simran Gupta,Female,MBA,2026,6.25,9.6,0,9,7,59,3,77.2,Yes,7,Web Development,83,Placed,5.48,MNC
STU0083,Arjun Sharma,Male,ME,2025,6.58,6.25,0,5,7,93,0,74.5,No,0,None,69,Placed,5.95,Startup
STU0084,Vivek Verma,Male,ECE,2025,8.17,5.31,0,4,3,83,5,71.6,No,0,None,72,Placed,8.17,MNC
STU0085,Shreya Yadav,Female,IT,2026,6.43,9.66,0,3,7,91,1,74.4,Yes,8,Cloud Computing,71,Not Placed,0,None
STU0086,Sneha Verma,Female,IT,2026,6.18,6.32,0,10,8,49,6,89.2,Yes,4,Cloud Computing,90,Not Placed,0,None
STU0087,Anjali Sharma,Female,MBA,2025,9.77,9.65,0,7,3,56,0,98.5,No,0,None,78,Placed,9.13,MNC
STU0088,Sumit Sharma,Male,BBA,2024,5.58,5.1,1,7,8,91,2,97.1,Yes,12,AI/ML,75,Not Placed,0,None
STU0089,Amit Patel,Male,CSE,2024,8.72,9.46,0,7,4,54,5,64.6,No,0,None,80,Placed,12.68,Mid-Size
STU0090,Mohit Patel,Male,CSE,2026,6.91,6.38,0,6,6,85,3,70.8,No,0,None,74,Placed,3.13,Startup
STU0091,Aditya Dubey,Male,ME,2025,7.43,7.75,2,8,3,53,4,76.7,Yes,8,Web Development,68,Placed,9.33,MNC
STU0092,Nisha Jain,Female,CSE,2024,8.73,6.42,2,6,6,71,0,73.2,Yes,6,Cloud Computing,71,Not Placed,0,None
STU0093,Sumit Singh,Male,ECE,2024,7.76,5.5,1,6,10,90,1,69.3,No,0,None,77,Not Placed,0,None
STU0094,Yash Sharma,Male,IT,2025,8.56,9.19,2,9,10,80,2,66.5,No,0,None,82,Placed,15.21,Mid-Size
STU0095,Manish Patel,Male,ECE,2024,5.87,5.32,0,8,7,77,0,64.4,Yes,8,AI/ML,76,Placed,5.87,Mid-Size
STU0096,Akash Singh,Male,MBA,2024,6.06,6.73,0,10,9,86,5,64.1,No,0,None,87,Not Placed,0,None
STU0097,Mohit Patel,Male,IT,2025,9.18,7.97,0,8,4,94,3,87.3,No,0,None,87,Placed,8.66,Startup
STU0098,Rahul Gupta,Male,CSE,2025,8.56,5.96,0,8,4,58,0,96.7,Yes,4,Web Development,83,Placed,15.28,Startup
STU0099,Rohit Tiwari,Male,MBA,2026,8.83,5.98,0,6,9,75,0,82.3,Yes,5,AI/ML,89,Placed,14.45,Mid-Size
STU0100,Payal Yadav,Female,CSE,2024,5.58,6.38,0,10,8,99,1,89.8,Yes,11,AI/ML,86,Placed,3.19,Mid-Size
STU0101,Vivek Tiwari,Male,MBA,2026,7.07,9.2,0,6,7,68,3,84.3,No,0,None,76,Placed,9.92,Startup
STU0102,Amit Gupta,Male,ECE,2024,9,8.46,2,3,3,96,6,69,Yes,2,Marketing,71,Placed,9.37,Startup
STU0103,Nitin Yadav,Male,IT,2025,6.27,9.65,0,10,10,45,2,82.6,Yes,7,Data Analytics,88,Placed,5.37,Startup
STU0104,Manish Mishra,Male,CSE,2026,6.55,9.18,1,8,7,51,2,88.7,Yes,10,AI/ML,75,Placed,4.63,Startup
STU0105,Komal Sharma,Female,CSE,2026,9.5,8.23,2,3,3,49,5,96.2,No,0,None,63,Not Placed,0,None
STU0106,Shreya Tiwari,Female,CSE,2025,7.22,5.26,0,7,7,53,3,64.1,No,0,None,75,Placed,7.96,MNC
STU0107,Shreya Dubey,Female,IT,2026,8.61,6.58,1,3,3,91,6,89.1,No,0,None,70,Not Placed,0,None
STU0108,Sumit Dubey,Male,BBA,2026,7.56,5.63,0,8,4,95,6,98.1,Yes,12,Finance,90,Placed,6.05,MNC
STU0109,Nisha Patel,Female,MBA,2024,8.72,7.33,0,8,3,87,1,70.2,Yes,2,Finance,84,Placed,12.13,Mid-Size
STU0110,Simran Sharma,Female,ME,2026,6.12,8.72,0,5,3,54,5,75.3,No,0,None,62,Placed,5,Mid-Size
STU0111,Akash Verma,Male,MBA,2026,6.22,6.99,0,3,4,94,1,65.8,Yes,6,Marketing,64,Placed,3.82,Startup
STU0112,Sneha Patel,Female,ECE,2025,7.67,8.49,1,7,6,95,1,63.2,Yes,10,AI/ML,78,Not Placed,0,None
STU0113,Aditi Dubey,Female,IT,2026,6.83,5.51,2,6,7,48,1,66.5,Yes,9,Finance,63,Placed,3.63,Mid-Size
STU0114,Sumit Dubey,Male,ME,2026,7.19,5.25,0,7,5,68,6,82.3,No,0,None,79,Placed,9.42,Mid-Size
STU0115,Ravi Sharma,Male,BBA,2024,5.51,6.95,0,3,8,82,2,89,Yes,8,Finance,69,Placed,5.74,MNC
STU0116,Sumit Mishra,Male,ME,2026,7.4,5.57,0,9,4,49,6,79.1,Yes,2,Finance,85,Placed,7.56,MNC
STU0117,Arjun Patel,Male,ME,2024,8.43,7.5,1,8,4,75,3,96,No,0,None,77,Placed,7.83,Startup
STU0118,Pooja Yadav,Female,ME,2024,8.01,9.23,0,4,3,59,6,94.6,Yes,2,Data Analytics,77,Placed,5.92,MNC
STU0119,Harsh Yadav,Male,MBA,2026,9.02,8.18,3,6,8,73,2,78,No,0,None,69,Placed,12.03,MNC
STU0120,Akash Yadav,Male,ME,2025,5.86,6.76,0,7,8,96,4,60.7,Yes,4,Web Development,83,Not Placed,0,None
STU0121,Shreya Verma,Female,CSE,2025,9.29,8.79,0,6,8,58,3,79.8,Yes,7,AI/ML,91,Placed,11.03,Mid-Size
STU0122,Amit Singh,Male,IT,2025,7.4,8.93,0,4,6,69,0,66.1,Yes,12,Marketing,71,Placed,5.5,MNC
STU0123,Simran Verma,Female,ME,2026,7.36,6.34,0,5,5,83,2,78.7,Yes,8,Data Analytics,76,Placed,6.91,Startup
STU0124,Sahil Patel,Male,MBA,2026,6.39,5.06,0,8,4,55,1,60.8,Yes,9,Data Analytics,71,Placed,5.54,Mid-Size
STU0125,Arjun Patel,Male,CSE,2026,7.54,8.47,0,8,3,84,1,88,Yes,8,Marketing,80,Placed,7.21,MNC
STU0126,Arjun Gupta,Male,CSE,2024,6.97,8.21,0,5,7,84,0,71,No,0,None,70,Placed,5.69,Mid-Size
STU0127,Nisha Verma,Female,CSE,2024,6.99,7.53,2,8,10,54,3,83.7,Yes,4,Data Analytics,78,Placed,4.09,MNC
STU0128,Harsh Tiwari,Male,ME,2024,6.94,7.95,0,5,6,96,2,91.8,Yes,9,Web Development,79,Not Placed,0,None
STU0129,Rohit Patel,Male,BBA,2024,8.83,6.99,0,10,3,70,0,78.3,No,0,None,81,Not Placed,0,None
STU0130,Anjali Verma,Female,IT,2026,7.08,8.75,0,4,7,63,0,69.1,Yes,7,Data Analytics,71,Placed,6.3,Mid-Size
STU0131,Sahil Mishra,Male,CSE,2025,9.55,9.23,0,5,6,60,0,71.9,Yes,3,Data Analytics,82,Placed,9.11,Startup
STU0132,Mohit Sharma,Male,ME,2025,6.11,5.92,2,8,7,95,3,61.8,Yes,9,Marketing,72,Placed,4.42,Startup
STU0133,Kavya Jain,Female,IT,2024,5.6,6.55,0,5,4,100,0,91,Yes,6,Web Development,67,Placed,3.75,MNC
STU0134,Rahul Yadav,Male,IT,2026,8.06,6.97,1,8,10,60,1,77.2,Yes,3,Cloud Computing,86,Placed,5.41,Startup
STU0135,Amit Dubey,Male,ME,2024,7.25,7.85,0,3,10,92,4,65.5,No,0,None,78,Placed,8.73,Startup
STU0136,Arjun Jain,Male,ECE,2026,8.96,9.03,0,9,9,86,0,90.6,Yes,6,Data Analytics,97,Placed,16.06,Mid-Size
STU0137,Manish Mishra,Male,ECE,2025,8.95,9.28,0,9,3,49,5,83.3,Yes,1,Marketing,90,Placed,14.6,Startup
STU0138,Riya Sharma,Female,IT,2024,6.69,7.46,2,5,5,82,1,76.3,No,0,None,55,Placed,5.15,Startup
STU0139,Arjun Sharma,Male,CSE,2024,8.89,9.22,0,8,4,51,0,99.7,Yes,8,Web Development,83,Placed,13.38,MNC
STU0140,Rohit Yadav,Male,BBA,2025,9.56,6.73,0,8,5,66,4,64.9,Yes,9,Marketing,93,Placed,8.77,Mid-Size
STU0141,Sahil Mishra,Male,ME,2026,8.74,8.75,0,5,9,65,0,71.1,Yes,10,Cloud Computing,85,Placed,14.69,Mid-Size
STU0142,Shreya Sharma,Female,CSE,2025,9.29,7.62,0,9,9,70,4,99.1,Yes,5,Marketing,97,Placed,12.18,Startup
STU0143,Tanvi Patel,Female,ECE,2026,9.65,9.46,1,3,6,90,5,93.6,Yes,10,Finance,85,Placed,10.17,Startup
STU0144,Payal Sharma,Female,BBA,2024,8.55,6.52,1,9,7,47,0,94.6,Yes,11,Finance,83,Placed,8.34,MNC
STU0145,Khushi Gupta,Female,MBA,2025,7.17,5.38,0,4,10,74,4,88.8,Yes,5,AI/ML,85,Placed,9.3,MNC
STU0146,Komal Patel,Female,ME,2026,9.26,7.46,1,6,9,51,1,75.1,Yes,10,Web Development,84,Placed,15.86,MNC
STU0147,Ayush Gupta,Male,IT,2025,7.31,5.72,0,3,8,56,6,67,Yes,8,Finance,79,Not Placed,0,None
STU0148,Karan Tiwari,Male,CSE,2024,5.82,6.17,0,10,6,57,0,76.9,No,0,None,71,Placed,4.21,Startup
STU0149,Komal Verma,Female,ME,2025,8.77,8.23,0,9,6,60,5,69.5,Yes,12,Finance,95,Placed,14.86,Startup
STU0150,Nitin Jain,Male,MBA,2025,6.7,7.47,1,7,7,83,5,71.5,Yes,8,AI/ML,80,Placed,5.31,Startup
STU0151,Rohit Yadav,Male,BBA,2025,6.16,8.3,0,8,10,84,2,86.9,No,0,None,82,Placed,4.7,MNC
STU0152,Karan Patel,Male,IT,2026,6.1,5.79,0,7,7,59,4,92,Yes,3,Web Development,80,Placed,3.3,Startup
STU0153,Sahil Patel,Male,IT,2025,6.69,5.76,0,6,3,62,6,79.2,Yes,12,Web Development,75,Placed,3.33,MNC
STU0154,Rohit Jain,Male,ME,2025,6.61,8.62,3,9,10,97,3,82.1,Yes,10,Finance,78,Placed,4.19,Startup
STU0155,Komal Singh,Female,CSE,2026,7.6,6.52,0,8,3,82,0,63.5,Yes,11,AI/ML,77,Not Placed,0,None
STU0156,Shreya Dubey,Female,BBA,2025,7.03,5.72,0,5,6,59,2,82.6,No,0,None,69,Placed,5.57,MNC
STU0157,Sahil Gupta,Male,IT,2025,6.21,5.94,1,9,6,95,4,75.9,No,0,None,75,Placed,4.26,Startup
STU0158,Raj Singh,Male,BBA,2024,8.8,9.17,1,10,9,66,2,60.3,No,0,None,87,Placed,11.3,Startup
STU0159,Rahul Tiwari,Male,CSE,2026,8.44,8.67,0,3,7,96,0,85.8,No,0,None,74,Placed,9.32,MNC
STU0160,Anjali Singh,Female,MBA,2024,8.3,5.53,0,3,8,60,3,85.9,Yes,6,Cloud Computing,81,Placed,6.43,Startup
STU0161,Amit Mishra,Male,IT,2025,7.72,6.31,0,9,4,67,6,84.7,Yes,2,Finance,89,Placed,6.44,Mid-Size
STU0162,Amit Patel,Male,IT,2026,9.79,8.46,0,3,4,55,0,75.8,No,0,None,70,Placed,14.04,Startup
STU0163,Ritu Tiwari,Female,ME,2025,6.52,7.02,0,4,10,87,4,80.6,Yes,2,Marketing,83,Placed,3.97,Mid-Size
STU0164,Anjali Tiwari,Female,CSE,2026,5.71,6.86,0,7,3,92,4,77.4,Yes,4,Data Analytics,73,Not Placed,0,None
STU0165,Sahil Tiwari,Male,ECE,2026,8.12,6.2,0,9,5,63,4,88.3,Yes,4,Data Analytics,90,Placed,6.71,MNC
STU0166,Harsh Patel,Male,BBA,2024,5.83,5.27,0,8,9,77,4,61.7,No,0,None,79,Placed,4.6,MNC
STU0167,Mohit Yadav,Male,MBA,2026,8.88,5.37,1,6,6,76,5,67,Yes,7,Cloud Computing,84,Placed,16.06,MNC
STU0168,Rohit Yadav,Male,ME,2024,6.74,6.97,1,7,4,56,4,82.2,Yes,9,Finance,71,Placed,4.57,MNC
STU0169,Raj Tiwari,Male,ME,2025,6.83,8.56,0,3,5,63,6,87.3,Yes,5,Marketing,73,Placed,3.3,Startup
STU0170,Mohit Patel,Male,IT,2026,8.86,8.6,2,5,10,81,1,72,Yes,5,Web Development,79,Placed,13.62,Startup
STU0171,Neha Mishra,Female,ME,2024,8.61,7.39,0,6,3,57,4,99.9,No,0,None,76,Not Placed,0,None
STU0172,Khushi Yadav,Female,BBA,2025,6.15,6.7,0,10,8,80,0,78.9,Yes,3,Marketing,85,Not Placed,0,None
STU0173,Harsh Patel,Male,ECE,2025,6.27,9.46,0,4,7,50,4,95.3,Yes,1,Marketing,73,Placed,3.35,Mid-Size
STU0174,Ankit Jain,Male,BBA,2025,7.77,7.64,0,8,9,71,2,70.9,No,0,None,85,Not Placed,0,None
STU0175,Rohit Yadav,Male,ECE,2024,6.09,5.63,1,3,10,59,6,67.5,No,0,None,66,Not Placed,0,None
STU0176,Vikas Yadav,Male,ME,2026,6.18,5.47,0,4,3,82,3,65.6,Yes,7,Data Analytics,65,Not Placed,0,None
STU0177,Nitin Mishra,Male,IT,2026,8.73,7.56,3,5,7,93,4,95.2,No,0,None,69,Placed,13.09,Startup
STU0178,Priya Verma,Female,IT,2024,9.24,7.71,0,9,8,89,4,60.7,No,0,None,96,Placed,16.43,Mid-Size
STU0179,Harsh Gupta,Male,IT,2024,6.38,7.36,0,8,4,82,1,69.7,No,0,None,69,Placed,3.95,Startup
STU0180,Sahil Sharma,Male,ECE,2024,7.86,7.45,2,8,6,65,1,64.1,No,0,None,67,Placed,5.41,Mid-Size
STU0181,Sakshi Sharma,Female,IT,2025,9.04,7.1,0,7,9,72,0,90.4,No,0,None,87,Placed,12.07,Startup
STU0182,Karan Patel,Male,IT,2026,9.78,7.82,0,6,7,49,3,85.4,No,0,None,86,Placed,17.7,Startup
STU0183,Sahil Gupta,Male,BBA,2026,9.07,8.69,0,4,3,63,6,96.6,No,0,None,77,Placed,12.44,Startup
STU0184,Muskan Jain,Female,ECE,2024,5.88,6.8,2,7,6,69,0,80.5,No,0,None,55,Placed,3.54,Mid-Size
STU0185,Sakshi Verma,Female,BBA,2025,7.62,8.06,0,10,9,59,0,74.8,Yes,12,AI/ML,90,Placed,8.42,Mid-Size
STU0186,Manish Sharma,Male,BBA,2025,5.96,9.49,0,7,9,59,0,88,Yes,7,AI/ML,77,Placed,5.75,MNC
STU0187,Rahul Tiwari,Male,ME,2024,6.77,5.62,0,5,7,82,3,96.8,Yes,6,Web Development,80,Placed,5.29,Mid-Size
STU0188,Kavya Jain,Female,BBA,2026,6.64,9.45,2,6,10,83,0,99.4,Yes,6,Finance,72,Placed,5.54,MNC
STU0189,Arjun Yadav,Male,ME,2025,8.17,6.06,0,6,5,68,4,92.4,Yes,1,Marketing,84,Placed,5.71,MNC
STU0190,Manish Sharma,Male,IT,2026,9.57,9.6,0,4,10,78,6,96.4,Yes,1,AI/ML,97,Placed,12.49,Startup
STU0191,Shreya Sharma,Female,MBA,2025,7.9,6.12,0,9,3,79,3,70.9,Yes,8,AI/ML,85,Not Placed,0,None
STU0192,Rohit Mishra,Male,ECE,2025,6.57,8.75,0,9,10,48,5,64.3,Yes,11,Web Development,90,Placed,3.3,Startup
STU0193,Simran Dubey,Female,ECE,2025,8.74,7.43,1,5,9,96,0,87.3,Yes,5,Finance,84,Placed,10.98,Mid-Size
STU0194,Riya Tiwari,Female,BBA,2026,6.64,8.61,0,3,9,98,0,69.9,No,0,None,69,Not Placed,0,None
STU0195,Payal Patel,Female,ME,2026,7.58,9.52,2,7,9,61,3,85.7,Yes,4,Marketing,78,Placed,8.39,Startup
STU0196,Rohit Patel,Male,CSE,2024,9.74,7.54,0,5,4,71,0,71.3,Yes,7,Data Analytics,81,Placed,12.19,Mid-Size
STU0197,Kavya Patel,Female,ME,2024,9.38,6.23,0,8,3,85,1,90.2,No,0,None,83,Placed,8.35,Mid-Size
STU0198,Nisha Gupta,Female,ECE,2026,5.99,7.38,1,9,8,98,4,77.2,Yes,5,Data Analytics,84,Placed,4.35,Startup
STU0199,Sneha Gupta,Female,MBA,2024,6.69,8.75,2,3,7,72,1,90.5,Yes,10,AI/ML,60,Placed,3.35,MNC
STU0200,Khushi Singh,Female,MBA,2024,7.78,7.22,0,6,4,51,4,75,No,0,None,72,Not Placed,0,None
STU0201,Sneha Singh,Female,ECE,2025,7.71,7.9,0,10,4,68,4,72,No,0,None,83,Not Placed,0,None
STU0202,Muskan Jain,Female,ME,2026,5.77,7.7,1,8,3,68,1,79.9,Yes,10,Finance,64,Placed,3.93,Startup
STU0203,Aditya Verma,Male,MBA,2026,7.21,8.21,0,10,8,56,0,64,No,0,None,80,Placed,5.95,MNC
STU0204,Payal Yadav,Female,ME,2026,8.43,5.3,0,4,4,81,5,96.3,Yes,11,Web Development,82,Not Placed,0,None
STU0205,Ishita Gupta,Female,ECE,2026,6.6,7.55,0,6,10,83,5,68.4,Yes,3,AI/ML,88,Placed,3.53,MNC
STU0206,Ankit Mishra,Male,MBA,2024,7.51,7.49,0,8,8,61,6,90.8,No,0,None,88,Placed,9.26,MNC
STU0207,Sakshi Tiwari,Female,MBA,2024,6,6.86,0,4,6,55,5,73.8,Yes,1,Web Development,70,Placed,5.95,Mid-Size
STU0208,Aditi Patel,Female,BBA,2024,8.04,7.3,0,5,4,71,0,84.9,Yes,2,Cloud Computing,74,Placed,6.41,Mid-Size
STU0209,Neha Gupta,Female,MBA,2024,8.01,8.51,0,6,10,46,0,75.2,No,0,None,78,Placed,5.97,MNC
STU0210,Mohit Sharma,Male,MBA,2024,7.05,6.82,0,8,7,93,1,83.8,Yes,5,Marketing,86,Placed,9.37,Startup
STU0211,Sumit Sharma,Male,MBA,2026,6.14,7.93,0,9,4,90,4,65.7,Yes,7,Finance,81,Placed,4.96,Startup
STU0212,Nitin Dubey,Male,ME,2025,7.35,9.43,0,4,5,56,1,70.6,No,0,None,64,Placed,7.56,MNC
STU0213,Ritu Sharma,Female,ME,2025,7.56,8.65,0,9,10,61,1,94.2,Yes,1,Finance,93,Placed,7.62,Startup
STU0214,Shreya Verma,Female,CSE,2024,9.38,6.48,0,3,8,70,5,60.5,Yes,11,Cloud Computing,88,Placed,10.47,Mid-Size
STU0215,Payal Sharma,Female,CSE,2026,7.36,8.72,1,9,8,95,3,78.6,No,0,None,83,Placed,7.03,Startup
STU0216,Anjali Mishra,Female,MBA,2026,7.3,5.64,0,5,5,96,2,74.4,No,0,None,72,Placed,6.68,Mid-Size
STU0217,Pooja Gupta,Female,CSE,2026,6.27,7.55,0,4,7,80,3,83.9,Yes,12,Cloud Computing,74,Placed,4.82,MNC
STU0218,Shreya Sharma,Female,MBA,2025,8.66,7.92,1,10,7,74,3,72,Yes,8,Cloud Computing,92,Placed,10.79,Mid-Size
STU0219,Sumit Yadav,Male,ME,2026,5.93,9.68,0,9,8,87,2,62.6,Yes,10,Cloud Computing,84,Placed,5.34,Mid-Size
STU0220,Amit Yadav,Male,ME,2025,8.86,9.52,0,7,4,57,4,71.5,Yes,4,AI/ML,85,Placed,14.07,Startup
STU0221,Mohit Yadav,Male,CSE,2024,6.34,8.65,1,5,9,58,0,89.4,No,0,None,63,Placed,4.69,Startup
STU0222,Harsh Dubey,Male,IT,2025,9.75,7.72,0,7,3,48,0,92.2,Yes,3,AI/ML,82,Not Placed,0,None
STU0223,Harsh Yadav,Male,IT,2024,6.36,6.4,3,5,7,78,4,88.1,No,0,None,56,Placed,5.53,Mid-Size
STU0224,Payal Dubey,Female,ECE,2024,8.23,5.8,0,9,10,66,5,69.4,Yes,12,Marketing,97,Placed,8.24,MNC
STU0225,Pooja Patel,Female,ECE,2025,6.03,6.42,0,10,5,77,6,83.7,Yes,7,Marketing,87,Placed,3.7,MNC
STU0226,Kavya Yadav,Female,MBA,2024,6.78,9.19,1,3,9,65,0,68.7,Yes,12,Finance,66,Placed,3.24,Startup
STU0227,Sumit Gupta,Male,BBA,2026,6.74,7.65,0,3,5,81,0,93.9,Yes,4,AI/ML,67,Placed,4.4,Startup
STU0228,Nitin Dubey,Male,CSE,2025,6.27,6.35,0,4,10,89,4,93.7,Yes,6,Finance,83,Not Placed,0,None
STU0229,Tanvi Jain,Female,IT,2025,9.47,5.99,2,8,6,59,6,96.1,No,0,None,82,Placed,9.28,Startup
STU0230,Sakshi Verma,Female,ECE,2026,5.85,7.1,0,4,3,71,5,71.1,Yes,1,Web Development,66,Placed,3.65,Startup
STU0231,Neha Singh,Female,ME,2025,6.68,5.31,0,3,4,90,5,89.6,Yes,4,Marketing,73,Placed,5.4,Startup
STU0232,Yash Tiwari,Male,ME,2026,7.86,7.77,0,5,9,47,5,60.3,Yes,2,Data Analytics,85,Placed,9.05,Startup
STU0233,Megha Verma,Female,BBA,2026,5.52,5.65,0,9,10,98,3,88.4,Yes,4,Finance,90,Placed,4.34,Startup
STU0234,Kavya Patel,Female,MBA,2025,6.93,6.96,1,8,7,96,4,70.6,Yes,11,Finance,83,Not Placed,0,None
STU0235,Nisha Tiwari,Female,CSE,2025,9.72,9.67,0,10,10,85,3,84.6,Yes,2,AI/ML,97,Not Placed,0,None
STU0236,Priya Mishra,Female,ECE,2025,6.88,6.1,0,7,4,93,2,70.4,Yes,4,Web Development,78,Placed,3.8,Mid-Size
STU0237,Vivek Tiwari,Male,ME,2025,5.87,9.29,0,4,3,48,0,80.1,Yes,12,Cloud Computing,57,Placed,3.52,MNC
STU0238,Akash Singh,Male,IT,2026,7.01,9.33,1,5,5,95,6,76.7,No,0,None,71,Placed,9.99,MNC
STU0239,Kavya Singh,Female,ECE,2026,8.12,9.54,0,8,7,95,5,73.4,Yes,5,AI/ML,95,Placed,8.87,MNC
STU0240,Ankit Dubey,Male,CSE,2024,7.55,8.16,0,7,3,99,3,80.9,Yes,5,Data Analytics,81,Not Placed,0,None
STU0241,Neha Verma,Female,CSE,2025,8.66,7.24,0,10,9,91,6,64.8,Yes,2,Data Analytics,97,Placed,16.94,MNC
STU0242,Ritu Verma,Female,CSE,2025,8.95,8.85,1,7,9,87,0,93.1,No,0,None,83,Placed,16.53,Mid-Size
STU0243,Nisha Sharma,Female,CSE,2025,8.32,6.79,0,9,6,75,2,85.7,No,0,None,86,Placed,9.56,Startup
STU0244,Komal Singh,Female,BBA,2026,6.95,9.66,0,6,9,75,1,73.5,No,0,None,76,Placed,5.96,MNC
STU0245,Yash Singh,Male,IT,2026,7.89,5.87,1,9,7,69,0,79.8,Yes,12,Web Development,82,Not Placed,0,None
STU0246,Sahil Singh,Male,ECE,2024,9.19,6.89,0,3,4,50,0,90.6,Yes,4,Data Analytics,73,Placed,13.88,Mid-Size
STU0247,Raj Tiwari,Male,MBA,2026,9.35,6.73,0,4,10,48,0,77.2,Yes,9,Cloud Computing,85,Placed,9.91,Mid-Size
STU0248,Megha Jain,Female,CSE,2025,8,7.84,0,8,5,91,5,85.7,Yes,8,Finance,92,Placed,5.69,MNC
STU0249,Megha Mishra,Female,ME,2025,6.79,9.52,1,9,7,67,1,63.3,Yes,5,AI/ML,77,Placed,5.3,MNC
STU0250,Raj Mishra,Male,CSE,2025,7.19,7.83,0,4,4,93,4,92.6,Yes,1,Web Development,76,Placed,9.43,Startup
STU0251,Tanvi Mishra,Female,ECE,2026,8.38,6.79,3,5,3,72,6,68.7,Yes,10,Marketing,65,Placed,5.2,Startup
STU0252,Vivek Yadav,Male,ME,2024,8.7,8.18,0,4,6,70,5,66.5,Yes,12,Web Development,84,Placed,10.81,Startup
STU0253,Mohit Tiwari,Male,BBA,2024,8.19,6.98,0,8,8,84,2,70.6,Yes,7,Web Development,92,Placed,7.04,MNC
STU0254,Khushi Verma,Female,ME,2024,8.58,5.35,0,9,6,53,0,74.2,Yes,4,Marketing,86,Placed,12.87,MNC
STU0255,Raj Dubey,Male,IT,2024,9.11,9.17,0,4,7,76,4,77.6,No,0,None,82,Placed,8.12,MNC
STU0256,Muskan Mishra,Female,MBA,2024,7.06,7.68,0,3,4,77,0,60.2,Yes,4,Data Analytics,64,Placed,5.47,Startup
STU0257,Khushi Singh,Female,IT,2025,9.19,9.07,0,5,5,66,1,77.5,No,0,None,76,Not Placed,0,None
STU0258,Ishita Mishra,Female,MBA,2026,8.89,7.28,0,9,7,49,6,64.8,No,0,None,91,Placed,11.57,Mid-Size
STU0259,Aditya Yadav,Male,IT,2025,8.02,6.66,0,5,4,71,5,65.6,Yes,11,Finance,79,Not Placed,0,None
STU0260,Rahul Sharma,Male,MBA,2024,7.83,8.97,0,7,3,63,1,95.6,No,0,None,71,Not Placed,0,None
STU0261,Sahil Singh,Male,MBA,2026,7.62,5.44,0,3,5,57,5,80.9,Yes,7,Finance,74,Placed,8.18,Startup
STU0262,Vikas Verma,Male,BBA,2026,9.54,9.18,0,10,7,60,6,62.8,No,0,None,97,Placed,15.01,Mid-Size
STU0263,Muskan Patel,Female,ME,2026,6.49,5.91,0,9,8,57,2,81.7,No,0,None,79,Not Placed,0,None
STU0264,Sahil Singh,Male,ME,2024,5.96,7.09,2,5,8,93,0,61,No,0,None,56,Placed,5.38,Startup
STU0265,Payal Sharma,Female,ECE,2025,6.19,7.18,0,4,9,89,6,79.6,No,0,None,77,Placed,5.05,Startup
STU0266,Ayush Patel,Male,MBA,2026,9.39,9.33,0,8,6,50,2,65.2,Yes,8,Data Analytics,90,Placed,8.42,MNC
STU0267,Rohit Gupta,Male,MBA,2024,7.03,5.4,0,4,5,77,0,75.6,No,0,None,64,Placed,9.41,MNC
STU0268,Nitin Patel,Male,MBA,2025,9.35,5.27,0,9,4,50,1,78.8,No,0,None,82,Placed,9.4,MNC
STU0269,Pooja Dubey,Female,IT,2024,6.42,6.66,0,8,5,72,0,92.4,No,0,None,70,Placed,3.24,Startup
STU0270,Ravi Patel,Male,IT,2025,8.35,5.41,0,8,9,91,2,90.7,Yes,6,AI/ML,97,Placed,9.35,Startup
STU0271,Vivek Jain,Male,CSE,2024,7.63,5.95,1,7,10,86,6,82.3,No,0,None,86,Placed,9.65,Mid-Size
STU0272,Anjali Jain,Female,IT,2024,6.94,6.99,0,4,4,47,0,91.9,No,0,None,59,Placed,5.83,Mid-Size
STU0273,Rahul Mishra,Male,IT,2024,6.89,9.7,1,8,8,45,0,86.3,Yes,1,Finance,75,Placed,3.87,Mid-Size
STU0274,Aditi Verma,Female,CSE,2024,7.35,5.13,1,7,9,60,1,61.7,Yes,5,Data Analytics,78,Placed,9.71,Mid-Size
STU0275,Amit Verma,Male,MBA,2026,6.34,8.67,2,3,8,84,0,89.2,Yes,4,AI/ML,60,Not Placed,0,None
STU0276,Yash Gupta,Male,IT,2024,8.34,5.57,0,9,5,64,1,60.9,Yes,7,Web Development,85,Placed,6.94,Mid-Size
STU0277,Ankit Singh,Male,CSE,2024,9.43,8.48,1,4,4,100,3,70.6,Yes,10,AI/ML,79,Placed,9.54,MNC
STU0278,Nitin Jain,Male,MBA,2025,5.74,6.61,0,3,6,48,3,75.2,Yes,12,Finance,63,Not Placed,0,None
STU0279,Rahul Yadav,Male,IT,2024,8.93,8.57,0,6,5,86,0,99.8,No,0,None,79,Placed,16.09,Startup
STU0280,Kavya Sharma,Female,BBA,2025,6.68,6.51,0,8,3,61,0,79.9,No,0,None,66,Placed,5.49,Startup
STU0281,Mohit Verma,Male,ME,2024,5.55,7.03,0,8,8,58,6,83,Yes,12,Data Analytics,83,Placed,5.24,Mid-Size
STU0282,Vikas Tiwari,Male,IT,2024,7.71,6.92,0,6,5,77,2,93.3,Yes,10,Marketing,81,Not Placed,0,None
STU0283,Vikas Sharma,Male,IT,2026,8.21,6.21,0,7,9,63,6,70.9,Yes,11,AI/ML,95,Placed,6.51,MNC
STU0284,Aditya Jain,Male,MBA,2025,7.79,5.45,0,7,3,76,1,94.9,Yes,9,Data Analytics,78,Placed,6.05,Mid-Size
STU0285,Mohit Tiwari,Male,MBA,2025,7.77,7.11,1,8,6,70,5,62.6,Yes,1,Cloud Computing,83,Not Placed,0,None
STU0286,Sumit Sharma,Male,ECE,2024,5.95,8.48,0,5,7,93,2,76.6,Yes,7,Marketing,75,Placed,4.01,Mid-Size
STU0287,Sahil Tiwari,Male,MBA,2024,7.08,7.31,0,7,7,88,4,81.3,No,0,None,81,Not Placed,0,None
STU0288,Tanvi Jain,Female,ECE,2025,7.7,6.89,0,5,8,49,2,62.1,Yes,8,Web Development,78,Placed,7.81,Startup
STU0289,Harsh Singh,Male,BBA,2026,7.25,6.4,0,10,7,49,2,83.5,No,0,None,82,Not Placed,0,None
STU0290,Harsh Verma,Male,IT,2026,7.19,8.55,0,6,3,45,5,75.2,Yes,10,Marketing,74,Placed,7.79,Startup
STU0291,Khushi Mishra,Female,ECE,2024,7.86,6.64,0,5,10,73,0,88.8,No,0,None,79,Placed,8.99,MNC
STU0292,Megha Verma,Female,ME,2026,8.04,6.48,0,3,6,99,0,73.8,Yes,11,AI/ML,76,Placed,7.02,Mid-Size
STU0293,Nisha Dubey,Female,ME,2025,9.03,8,0,3,9,95,6,79.5,No,0,None,88,Placed,12.9,Startup
STU0294,Aditi Singh,Female,MBA,2025,8.38,9,0,9,9,77,1,61.9,Yes,2,AI/ML,94,Placed,7.33,Mid-Size
STU0295,Karan Jain,Male,ECE,2026,7.74,8.56,0,4,6,63,1,94.1,Yes,10,Data Analytics,75,Placed,5.68,Mid-Size
STU0296,Rahul Tiwari,Male,IT,2025,8.32,8.78,0,10,8,45,6,89.4,Yes,1,Finance,97,Placed,5.23,MNC
STU0297,Ankit Mishra,Male,ECE,2025,9,5.44,0,3,6,82,0,75.3,No,0,None,73,Placed,13.22,Mid-Size
STU0298,Shreya Sharma,Female,BBA,2024,8.15,9.61,0,3,7,86,1,93.3,Yes,8,Data Analytics,79,Placed,8.88,MNC
STU0299,Sahil Patel,Male,CSE,2025,6.62,9.3,0,8,8,77,3,78.8,Yes,2,Data Analytics,86,Not Placed,0,None
STU0300,Priya Gupta,Female,CSE,2026,8.24,8.64,0,8,5,93,1,65.6,Yes,6,AI/ML,86,Placed,5.4,MNC
STU0301,Ankit Gupta,Male,ME,2025,6.01,8.4,1,4,7,64,1,80.5,Yes,6,Web Development,63,Placed,3.68,Startup
STU0302,Khushi Sharma,Female,CSE,2026,8.62,9.34,0,4,5,63,6,79.3,Yes,7,Marketing,83,Placed,14.35,Startup
STU0303,Nisha Tiwari,Female,CSE,2024,6.35,6.68,0,9,9,69,3,81.3,Yes,3,Web Development,88,Placed,3.37,Mid-Size
STU0304,Khushi Verma,Female,CSE,2025,9.04,8.05,0,8,4,63,0,76.7,Yes,7,AI/ML,84,Placed,11.85,Startup
STU0305,Aditi Jain,Female,BBA,2024,9.02,8.97,0,6,3,71,1,61.9,Yes,12,Data Analytics,79,Not Placed,0,None
STU0306,Raj Gupta,Male,BBA,2025,7.82,5.16,1,6,10,51,0,96.9,Yes,8,AI/ML,79,Placed,6.02,Startup
STU0307,Sneha Patel,Female,ECE,2024,7.86,8.31,1,4,5,67,4,60.5,No,0,None,65,Placed,6.6,Startup
STU0308,Sakshi Mishra,Female,MBA,2025,8.71,5.7,0,3,5,65,2,72.4,Yes,1,Web Development,76,Not Placed,0,None
STU0309,Aditi Sharma,Female,MBA,2026,6.81,8.26,1,10,7,56,6,64.5,No,0,None,79,Placed,5.2,Mid-Size
STU0310,Muskan Patel,Female,ECE,2026,5.69,9.05,0,10,6,75,2,72.9,Yes,8,Marketing,81,Placed,4.67,MNC
STU0311,Aditi Singh,Female,MBA,2025,7.63,5.43,0,9,10,71,2,68.7,Yes,8,Web Development,94,Placed,6.35,Mid-Size
STU0312,Aditi Jain,Female,CSE,2025,9.69,8.51,2,10,8,77,3,94.1,Yes,5,Web Development,95,Placed,8.92,Mid-Size
STU0313,Ravi Gupta,Male,MBA,2026,8.09,6.19,0,5,8,45,5,60.9,Yes,5,AI/ML,84,Placed,8.35,MNC
STU0314,Aditi Verma,Female,IT,2026,8.48,7.46,0,4,9,82,1,78.9,No,0,None,80,Not Placed,0,None
STU0315,Aditi Sharma,Female,CSE,2025,6.88,7.43,0,5,8,53,3,90,No,0,None,73,Placed,5.23,MNC
STU0316,Muskan Sharma,Female,IT,2026,8.02,5.45,0,5,5,49,2,92.7,Yes,2,AI/ML,76,Placed,9.01,Mid-Size
STU0317,Harsh Dubey,Male,ME,2026,8.34,5.89,2,10,7,72,3,82.5,No,0,None,80,Placed,9.32,Startup
STU0318,Komal Mishra,Female,BBA,2024,9.49,5.77,0,7,9,95,0,80.9,Yes,7,AI/ML,97,Placed,13.3,Mid-Size
STU0319,Vivek Gupta,Male,IT,2024,7.48,5.56,0,5,10,61,2,82.4,No,0,None,78,Not Placed,0,None
STU0320,Sumit Jain,Male,ECE,2024,9.55,6.33,1,7,3,62,5,90.2,Yes,7,Web Development,84,Placed,17.52,Startup
STU0321,Riya Dubey,Female,IT,2025,8.76,6.45,0,10,8,77,4,84.1,Yes,10,Cloud Computing,97,Placed,11.36,Mid-Size
STU0322,Ishita Verma,Female,CSE,2024,7.01,8.44,0,7,5,57,3,72.5,Yes,2,Finance,77,Placed,5.86,Mid-Size
STU0323,Amit Singh,Male,ME,2024,6.2,8.1,1,6,5,77,3,98.7,Yes,9,Finance,70,Not Placed,0,None
STU0324,Sahil Gupta,Male,IT,2026,8.91,8.83,1,5,8,59,2,69.7,Yes,7,AI/ML,80,Placed,12.67,Startup
STU0325,Harsh Singh,Male,MBA,2026,6.3,6.93,1,3,10,45,5,82.7,Yes,7,Finance,71,Placed,4.06,Startup
STU0326,Ayush Mishra,Male,CSE,2025,9.76,8.23,0,9,7,83,6,95.8,No,0,None,97,Placed,10.68,Mid-Size
STU0327,Manish Dubey,Male,CSE,2025,6.71,7.56,0,10,8,62,0,65.3,Yes,5,Data Analytics,84,Placed,3.59,Startup
STU0328,Vikas Verma,Male,ECE,2024,9.3,6.71,0,4,4,47,6,64.9,No,0,None,76,Not Placed,0,None
STU0329,Nitin Mishra,Male,ME,2025,6.65,7.04,0,8,5,45,3,96.4,Yes,9,Data Analytics,78,Placed,5.67,Startup
STU0330,Vivek Yadav,Male,IT,2025,7.79,9.31,0,10,10,93,6,69,Yes,1,Marketing,97,Placed,8.19,Startup
STU0331,Harsh Gupta,Male,IT,2026,7.3,6.62,1,9,5,69,6,81.5,No,0,None,78,Not Placed,0,None
STU0332,Neha Tiwari,Female,IT,2024,7.98,8.52,0,3,9,78,4,75.5,No,0,None,78,Placed,9.62,Startup
STU0333,Payal Gupta,Female,ME,2025,5.65,7.03,1,5,5,74,5,99.3,No,0,None,62,Placed,5.19,Mid-Size
STU0334,Payal Sharma,Female,ECE,2024,9.63,9.25,1,8,5,47,1,62.9,Yes,9,Marketing,82,Placed,12.44,Mid-Size
STU0335,Manish Dubey,Male,ME,2026,7.24,7.15,1,8,4,63,4,62.1,Yes,10,Cloud Computing,75,Placed,6.39,Startup
STU0336,Arjun Dubey,Male,CSE,2026,6.79,9.58,1,5,8,49,1,98.5,Yes,11,AI/ML,70,Placed,4.72,MNC
STU0337,Ravi Dubey,Male,ME,2024,9.79,8.88,0,4,8,57,4,86.7,No,0,None,85,Placed,8.08,Mid-Size
STU0338,Muskan Yadav,Female,BBA,2025,5.97,7.46,1,8,9,81,2,75.8,No,0,None,73,Not Placed,0,None
STU0339,Ritu Tiwari,Female,CSE,2026,8.75,5.9,0,4,6,95,5,64.3,No,0,None,81,Placed,17.66,Mid-Size
STU0340,Aditi Patel,Female,MBA,2025,9.3,5.17,0,7,5,77,2,64.4,No,0,None,83,Placed,10.5,MNC
STU0341,Rahul Dubey,Male,MBA,2024,9.19,6.49,0,8,10,95,1,78.4,Yes,8,Finance,97,Placed,8.99,Startup
STU0342,Manish Sharma,Male,ME,2026,8.08,5.03,0,8,6,64,6,83.9,Yes,12,Cloud Computing,92,Placed,5.05,Startup
STU0343,Neha Jain,Female,MBA,2024,6.12,5.36,0,3,4,57,2,72.3,No,0,None,56,Placed,3.75,Mid-Size
STU0344,Muskan Patel,Female,BBA,2024,7.27,7.81,3,4,3,94,2,77.8,No,0,None,49,Not Placed,0,None
STU0345,Ankit Mishra,Male,MBA,2025,7.44,5.94,0,5,6,66,0,74.4,Yes,2,Data Analytics,74,Placed,9.84,MNC
STU0346,Rohit Gupta,Male,MBA,2026,9.02,8.04,0,5,7,89,4,89,No,0,None,86,Placed,14.84,Mid-Size
STU0347,Mohit Patel,Male,ME,2026,6.94,6.14,0,4,8,95,4,93.1,Yes,1,Cloud Computing,83,Placed,3.81,Startup
STU0348,Aditi Tiwari,Female,ECE,2026,9.72,7.13,0,8,3,81,1,80.9,Yes,12,Marketing,89,Placed,8.06,Startup
STU0349,Pooja Mishra,Female,ME,2024,6.83,9.62,0,8,10,83,2,77.2,No,0,None,84,Placed,5.21,MNC
STU0350,Anjali Dubey,Female,ME,2024,9.2,5.51,0,9,3,55,3,83.5,Yes,6,Web Development,89,Placed,9.66,Startup
STU0351,Mohit Gupta,Male,IT,2025,7.04,6.87,0,4,6,94,1,92.2,Yes,12,Web Development,75,Placed,9.58,Startup
STU0352,Sneha Dubey,Female,ME,2024,9.76,8.63,0,9,5,62,2,82.2,Yes,3,Web Development,94,Not Placed,0,None
STU0353,Nisha Yadav,Female,IT,2025,8.77,8.39,0,5,4,95,2,89.5,No,0,None,78,Placed,17.74,Mid-Size
STU0354,Ankit Verma,Male,IT,2024,5.92,6.46,0,8,8,67,6,84.1,Yes,7,Marketing,86,Placed,3.38,Startup
STU0355,Amit Mishra,Male,ME,2026,8.48,6.82,0,9,9,59,1,86.5,Yes,12,Finance,94,Placed,6.71,Mid-Size
STU0356,Riya Patel,Female,BBA,2024,7.21,7.8,0,8,9,58,4,80.6,Yes,5,Finance,90,Placed,9.94,Mid-Size
STU0357,Aditi Singh,Female,ME,2024,9.79,9.45,0,10,7,52,2,83,No,0,None,94,Placed,17.65,Startup
STU0358,Raj Gupta,Male,CSE,2026,6.76,6.6,1,7,10,69,5,65.2,No,0,None,78,Placed,3.4,Mid-Size
STU0359,Nitin Sharma,Male,MBA,2026,8.92,8.91,0,6,9,90,1,64.1,Yes,2,Marketing,91,Placed,17.26,Mid-Size
STU0360,Kavya Gupta,Female,ME,2024,8.62,5.68,0,4,9,85,3,90.6,Yes,3,Finance,90,Placed,11.17,Startup
STU0361,Manish Verma,Male,MBA,2024,7.84,7,0,10,8,46,5,78.7,Yes,2,AI/ML,95,Placed,8.2,Startup
STU0362,Akash Singh,Male,MBA,2025,8.62,7.49,0,5,5,80,5,66.9,Yes,5,Web Development,85,Placed,13.03,Startup
STU0363,Sumit Dubey,Male,CSE,2026,7.94,6.02,1,4,5,93,5,74.3,Yes,7,Finance,76,Placed,6.67,Startup
STU0364,Payal Verma,Female,MBA,2026,6.61,6.62,0,10,9,48,1,75.3,Yes,7,Marketing,86,Placed,5.97,MNC
STU0365,Ankit Mishra,Male,CSE,2025,5.73,5.3,1,8,7,82,2,66.2,Yes,8,Data Analytics,73,Not Placed,0,None
STU0366,Komal Tiwari,Female,IT,2026,9.57,9.13,1,4,7,82,4,93,No,0,None,80,Not Placed,0,None
STU0367,Nitin Yadav,Male,MBA,2026,6.97,6.72,0,7,3,45,2,77.1,No,0,None,66,Placed,5.46,MNC
STU0368,Aditi Yadav,Female,IT,2026,8.62,9.47,0,4,9,78,5,88.2,No,0,None,86,Placed,14.08,Mid-Size
STU0369,Rohit Tiwari,Male,CSE,2025,9.18,7.3,0,5,9,66,5,80.4,Yes,3,Finance,94,Placed,12.97,Startup
STU0370,Ritu Gupta,Female,ME,2024,9.11,8.3,0,7,10,68,6,67.4,No,0,None,96,Placed,17.23,Startup
STU0371,Riya Gupta,Female,IT,2025,6.59,9.06,1,4,10,97,1,98.6,Yes,8,AI/ML,76,Placed,4.85,Startup
STU0372,Neha Patel,Female,BBA,2024,9.79,7.67,0,9,5,77,6,96,No,0,None,97,Placed,15.65,Startup
STU0373,Arjun Jain,Male,CSE,2026,5.69,8.45,0,8,9,99,2,98.6,No,0,None,81,Placed,4.74,MNC
STU0374,Rohit Mishra,Male,CSE,2026,7.77,7.78,0,10,5,73,1,68.6,Yes,1,Web Development,86,Placed,7.84,Startup
STU0375,Anjali Singh,Female,MBA,2026,7.72,5.98,1,4,5,79,1,96.6,Yes,8,Marketing,70,Placed,6.41,Startup
STU0376,Tanvi Yadav,Female,CSE,2025,5.98,9.51,0,3,8,53,6,62.1,Yes,9,Data Analytics,72,Placed,5.57,MNC
STU0377,Yash Mishra,Male,CSE,2024,6.84,9.6,0,5,10,77,3,93.5,Yes,12,Data Analytics,85,Placed,5.62,MNC
STU0378,Amit Mishra,Male,CSE,2026,7.93,5.67,3,5,6,60,1,72.9,Yes,6,Finance,60,Placed,7.38,Startup
STU0379,Tanvi Tiwari,Female,MBA,2025,8.03,8.09,0,3,8,47,0,85.3,Yes,9,Data Analytics,74,Placed,6.25,Startup
STU0380,Komal Dubey,Female,CSE,2025,8.78,8.86,1,7,8,46,0,94.9,Yes,3,Finance,82,Placed,10.48,Startup
STU0381,Ayush Jain,Male,ME,2026,6.73,5.52,0,9,6,75,1,77.1,Yes,6,Web Development,82,Placed,4.07,Startup
STU0382,Kavya Tiwari,Female,MBA,2025,7.96,5.5,0,10,6,97,4,92.2,No,0,None,92,Placed,5.68,Mid-Size
STU0383,Manish Sharma,Male,ME,2024,7.48,8.03,0,9,5,100,2,71.8,No,0,None,82,Placed,8.16,MNC
STU0384,Nisha Yadav,Female,IT,2024,7.84,8.45,3,9,3,100,2,64.4,No,0,None,63,Placed,8.02,Startup
STU0385,Rahul Tiwari,Male,MBA,2024,8.71,5.36,1,9,5,83,0,73.3,Yes,1,Data Analytics,83,Not Placed,0,None
STU0386,Rohit Verma,Male,BBA,2024,8.62,9.04,1,8,5,71,1,62.1,No,0,None,74,Not Placed,0,None
STU0387,Pooja Gupta,Female,IT,2025,9.01,5.09,0,5,9,65,3,64.4,No,0,None,84,Placed,11.24,Startup
STU0388,Amit Patel,Male,ECE,2024,6.79,8.63,1,10,7,69,2,63.7,Yes,10,Cloud Computing,81,Placed,3.93,Startup
STU0389,Riya Mishra,Female,CSE,2025,7.26,6.65,1,6,8,70,2,81,Yes,6,Finance,77,Placed,8.78,Startup
STU0390,Akash Jain,Male,BBA,2024,5.88,6.68,0,7,10,95,3,62.2,No,0,None,79,Placed,3.67,Startup
STU0391,Ayush Singh,Male,ECE,2024,7.6,7.98,0,3,7,50,6,99,Yes,9,Marketing,80,Placed,6.6,MNC
STU0392,Kavya Mishra,Female,ME,2024,6.36,6.01,0,7,3,63,6,69.3,No,0,None,70,Placed,3.69,MNC
STU0393,Ishita Sharma,Female,BBA,2024,7.91,8.21,0,8,8,57,3,70,Yes,3,Marketing,89,Placed,9.38,Mid-Size
STU0394,Karan Gupta,Male,BBA,2026,5.71,7.39,0,3,5,45,5,83.3,Yes,6,Cloud Computing,64,Not Placed,0,None
STU0395,Vivek Mishra,Male,BBA,2024,8.95,5.6,0,6,9,77,3,86.4,Yes,8,Web Development,94,Placed,15.31,MNC
STU0396,Riya Jain,Female,MBA,2024,6.12,6.24,0,8,9,55,2,77.3,No,0,None,76,Placed,3.46,Mid-Size
STU0397,Sakshi Dubey,Female,BBA,2024,8.75,7.87,1,5,6,100,1,83.2,Yes,9,AI/ML,80,Placed,10.62,Startup
STU0398,Akash Tiwari,Male,CSE,2026,7.38,6.51,0,4,7,60,0,72.6,Yes,4,Cloud Computing,72,Not Placed,0,None
STU0399,Mohit Singh,Male,MBA,2026,6.26,7.11,0,9,3,48,2,66.3,Yes,5,Web Development,72,Not Placed,0,None
STU0400,Rahul Sharma,Male,IT,2024,6.74,8.54,0,6,7,76,1,93.6,Yes,8,Cloud Computing,78,Placed,3.01,MNC
STU0401,Priya Jain,Female,CSE,2025,6.39,6.7,0,3,4,71,2,94.3,Yes,11,Finance,65,Placed,5.29,MNC
STU0402,Arjun Gupta,Male,ECE,2024,8.57,9.58,0,10,8,59,5,63.9,Yes,1,Cloud Computing,97,Placed,8.62,Startup
STU0403,Akash Patel,Male,BBA,2026,7.41,8.03,0,6,6,58,4,74.8,Yes,5,Web Development,80,Placed,6.84,Startup
STU0404,Aditya Patel,Male,CSE,2025,7.4,6.36,0,6,5,77,3,94.2,No,0,None,75,Placed,8.83,Startup
STU0405,Khushi Verma,Female,ECE,2024,9.51,5.68,0,4,9,74,0,79.8,Yes,12,Cloud Computing,87,Placed,10.88,Startup
STU0406,Pooja Patel,Female,BBA,2024,6.39,5.65,0,3,5,56,5,75.3,Yes,6,Marketing,68,Not Placed,0,None
STU0407,Muskan Dubey,Female,MBA,2026,8.51,7.22,0,6,9,62,6,69.2,Yes,12,AI/ML,94,Placed,13.35,MNC
STU0408,Ishita Dubey,Female,BBA,2025,9.38,8.11,0,8,3,94,4,78.5,No,0,None,87,Placed,15.79,Startup
STU0409,Priya Jain,Female,MBA,2025,7.69,5.77,0,6,5,49,4,73.3,No,0,None,73,Placed,9.39,Startup
STU0410,Akash Tiwari,Male,ECE,2024,5.93,8.31,0,8,9,75,1,62.1,No,0,None,75,Placed,5.91,Mid-Size
STU0411,Ankit Jain,Male,IT,2025,8.11,7.87,1,6,7,88,1,99.8,No,0,None,75,Placed,6.21,Mid-Size
STU0412,Sahil Dubey,Male,ME,2025,6.87,8.95,2,9,3,47,0,64.8,Yes,7,Web Development,61,Placed,5.12,Mid-Size
STU0413,Sakshi Verma,Female,ECE,2026,9.64,5.9,0,8,10,93,3,69.1,Yes,8,Data Analytics,97,Placed,10.07,Startup
STU0414,Manish Sharma,Male,CSE,2025,7.7,8.27,0,9,5,73,6,94.9,Yes,5,Marketing,92,Placed,8.62,Mid-Size
STU0415,Amit Gupta,Male,ECE,2025,7.05,6.52,0,9,6,98,3,72.7,Yes,2,Marketing,89,Placed,5.57,Mid-Size
STU0416,Raj Dubey,Male,BBA,2025,9.55,5.99,0,7,9,98,5,98.4,Yes,2,Finance,97,Placed,12.03,Mid-Size
STU0417,Tanvi Patel,Female,BBA,2025,9.4,5.03,0,6,8,47,1,77.1,Yes,12,Marketing,88,Placed,14.69,MNC
STU0418,Muskan Gupta,Female,CSE,2025,6.53,6.51,0,8,7,84,6,77.2,Yes,6,Cloud Computing,89,Placed,5.27,MNC
STU0419,Muskan Mishra,Female,ECE,2026,6.84,5.37,0,8,9,72,4,92.7,Yes,9,Marketing,91,Placed,3.27,MNC
STU0420,Raj Singh,Male,IT,2024,6.24,8.32,0,7,4,74,1,64.4,Yes,11,Finance,71,Not Placed,0,None
STU0421,Yash Singh,Male,ECE,2024,8.17,9.35,0,5,8,83,2,85.4,Yes,9,Data Analytics,86,Not Placed,0,None
STU0422,Megha Singh,Female,BBA,2026,6.18,8.98,1,4,3,54,3,98,Yes,2,Marketing,59,Placed,4.24,Startup
STU0423,Aditya Yadav,Male,ECE,2026,8.63,7.88,0,5,6,59,3,70.1,Yes,9,Cloud Computing,82,Placed,14.15,MNC
STU0424,Ravi Gupta,Male,ECE,2026,6.7,5.45,0,6,5,92,2,65.1,No,0,None,70,Placed,4.87,MNC
STU0425,Megha Tiwari,Female,IT,2026,6.8,7.19,1,8,5,89,4,92.4,No,0,None,74,Placed,4.33,Startup
STU0426,Nisha Gupta,Female,ECE,2024,7.36,6.62,0,5,10,90,3,72.3,Yes,11,Web Development,87,Placed,8.08,MNC
STU0427,Akash Verma,Male,ECE,2024,7.34,8.34,0,5,6,83,3,92.1,Yes,8,Data Analytics,80,Placed,5.56,Mid-Size
STU0428,Amit Patel,Male,BBA,2025,7.27,8.86,1,6,5,75,1,92.9,Yes,9,Data Analytics,71,Placed,7.49,MNC
STU0429,Neha Singh,Female,CSE,2025,9.4,7.88,0,10,3,86,0,81.9,No,0,None,86,Not Placed,0,None
STU0430,Shreya Patel,Female,CSE,2025,9.57,7.07,1,3,9,77,4,65.9,Yes,1,Cloud Computing,85,Placed,9.27,Startup
STU0431,Vikas Yadav,Male,ME,2024,6.54,6.66,0,7,3,69,2,85.9,No,0,None,67,Placed,4.55,MNC
STU0432,Aditi Dubey,Female,MBA,2025,9.62,5.66,0,8,9,76,2,95.2,No,0,None,96,Placed,14.12,MNC
STU0433,Raj Mishra,Male,BBA,2025,7.28,7.68,0,8,3,69,2,90.7,No,0,None,73,Placed,5.91,MNC
STU0434,Riya Mishra,Female,MBA,2024,8.77,9.05,0,5,8,48,5,69.6,Yes,8,AI/ML,88,Placed,8.76,Mid-Size
STU0435,Sahil Gupta,Male,CSE,2026,6.16,8.2,0,3,4,57,5,76.8,Yes,7,Web Development,66,Placed,5.87,Mid-Size
STU0436,Ishita Verma,Female,MBA,2025,5.62,8.1,0,8,7,50,2,62.8,No,0,None,69,Placed,5.92,Mid-Size
STU0437,Ankit Singh,Male,MBA,2024,9.12,5.05,0,6,7,45,5,87,Yes,8,Finance,91,Placed,16.77,MNC
STU0438,Ankit Mishra,Male,MBA,2024,9.4,8,0,9,9,59,1,92.9,Yes,12,Data Analytics,97,Placed,11.2,Startup
STU0439,Payal Jain,Female,ME,2026,9.26,9.37,1,7,3,59,3,62.1,No,0,None,73,Not Placed,0,None
STU0440,Sumit Patel,Male,MBA,2026,6.65,7.13,0,7,9,92,5,82.5,No,0,None,85,Placed,3.42,MNC
STU0441,Sneha Gupta,Female,CSE,2025,8.32,7.25,0,10,7,48,2,68.1,Yes,1,Finance,91,Placed,8.63,Mid-Size
STU0442,Rahul Patel,Male,IT,2024,8.19,9.08,0,7,4,79,4,78.9,No,0,None,80,Placed,9.77,Startup
STU0443,Muskan Tiwari,Female,ECE,2026,9.28,9.57,0,9,3,62,0,86.3,Yes,8,Finance,86,Placed,13.23,Mid-Size
STU0444,Nisha Mishra,Female,ME,2026,7.49,8.16,0,4,4,74,6,95.1,Yes,2,Web Development,78,Placed,9.04,MNC
STU0445,Nitin Tiwari,Male,MBA,2024,9.02,5.96,0,10,10,97,6,95.4,No,0,None,97,Placed,8.09,Startup
STU0446,Tanvi Mishra,Female,MBA,2025,9.07,7.22,0,3,8,61,5,67.6,Yes,5,Cloud Computing,86,Placed,13.15,Mid-Size
STU0447,Ayush Singh,Male,BBA,2024,6.57,6.17,0,4,5,59,1,98.8,No,0,None,62,Placed,5.67,Startup
STU0448,Simran Verma,Female,ECE,2026,8.01,6.66,1,7,10,81,6,72,Yes,5,Finance,92,Placed,5.4,MNC
STU0449,Pooja Jain,Female,IT,2025,8.81,7.59,0,6,6,55,3,71.8,No,0,None,79,Not Placed,0,None
STU0450,Sumit Singh,Male,ECE,2026,8.84,5.32,2,9,10,49,5,90.5,No,0,None,86,Placed,15.27,MNC
STU0451,Tanvi Gupta,Female,BBA,2026,7.95,6.23,1,4,7,69,5,96.3,No,0,None,73,Placed,5.36,Startup
STU0452,Khushi Yadav,Female,BBA,2024,9.1,6.74,0,9,10,72,5,73,No,0,None,97,Placed,13.63,Startup
STU0453,Kavya Mishra,Female,CSE,2025,5.93,6.06,0,8,7,56,0,91,No,0,None,70,Not Placed,0,None
STU0454,Rohit Dubey,Male,ECE,2025,7.82,5.05,0,4,8,91,3,86.6,Yes,11,Data Analytics,84,Placed,8.27,Startup
STU0455,Megha Mishra,Female,CSE,2026,7.66,7.91,0,7,9,76,2,92.4,Yes,3,Finance,90,Placed,6.73,MNC
STU0456,Akash Tiwari,Male,BBA,2024,6.27,6.37,0,10,4,73,0,68.2,No,0,None,71,Placed,5.77,Mid-Size
STU0457,Payal Singh,Female,BBA,2024,8.65,9.52,2,9,4,52,1,60.2,No,0,None,67,Placed,17.6,MNC
STU0458,Karan Mishra,Male,MBA,2026,7.99,5.06,0,5,9,93,2,92.1,Yes,9,Web Development,89,Placed,9.91,MNC
STU0459,Simran Tiwari,Female,BBA,2025,8.52,6.37,0,8,10,88,3,85,Yes,9,Cloud Computing,97,Not Placed,0,None
STU0460,Mohit Verma,Male,ECE,2025,5.64,9.02,0,4,6,83,5,84,Yes,2,Marketing,73,Placed,3.58,Startup
STU0461,Pooja Mishra,Female,MBA,2025,8.95,6.58,0,5,6,67,1,90.8,Yes,9,Cloud Computing,83,Placed,15.04,Mid-Size
STU0462,Riya Verma,Female,BBA,2025,5.81,7.91,0,8,9,97,3,83,Yes,10,Marketing,87,Placed,3.1,Startup
STU0463,Ishita Singh,Female,BBA,2026,7.55,5.52,0,4,3,66,6,68.3,Yes,6,Marketing,74,Placed,8.78,Mid-Size
STU0464,Muskan Mishra,Female,ME,2025,9.29,5.69,0,10,4,82,5,76.6,No,0,None,93,Placed,10.48,MNC
STU0465,Raj Tiwari,Male,BBA,2024,5.7,6.44,0,5,9,48,2,68,No,0,None,66,Not Placed,0,None
STU0466,Arjun Mishra,Male,BBA,2024,8.71,8.65,0,9,10,46,6,77.1,Yes,5,AI/ML,97,Placed,17.95,Mid-Size
STU0467,Sakshi Dubey,Female,MBA,2025,8.92,6.34,0,4,9,60,0,90.6,No,0,None,78,Placed,13.53,Startup
STU0468,Manish Jain,Male,MBA,2026,7.72,8.2,0,5,6,68,6,68.6,Yes,8,Data Analytics,83,Placed,5.1,Startup
STU0469,Yash Yadav,Male,MBA,2025,5.78,9.12,0,9,9,45,6,73.6,Yes,9,Finance,86,Placed,3.48,MNC
STU0470,Amit Patel,Male,IT,2024,7.3,9.15,0,4,4,65,4,95,Yes,8,Marketing,74,Placed,5.4,Mid-Size
STU0471,Yash Tiwari,Male,IT,2024,6.12,7.75,0,10,7,88,4,78.9,Yes,5,Cloud Computing,89,Placed,5.92,Mid-Size
STU0472,Vikas Gupta,Male,BBA,2024,8.7,7.25,0,4,5,62,1,81.1,Yes,1,Data Analytics,77,Placed,16.25,Mid-Size
STU0473,Ayush Singh,Male,ECE,2026,8.35,6.91,0,4,7,89,1,62.7,Yes,6,Data Analytics,80,Placed,7.71,Mid-Size
STU0474,Aditi Mishra,Female,IT,2026,5.62,8.86,1,4,6,51,6,90.8,Yes,12,Cloud Computing,65,Not Placed,0,None
STU0475,Megha Dubey,Female,IT,2026,9.61,9.28,0,3,3,53,5,83.9,Yes,3,Marketing,79,Placed,13.03,Startup
STU0476,Simran Gupta,Female,MBA,2026,7.36,9.48,3,5,5,87,6,73.5,Yes,10,Data Analytics,66,Placed,7.7,Startup
STU0477,Sakshi Mishra,Female,MBA,2025,8.63,5.15,2,9,4,82,3,96.8,Yes,12,AI/ML,81,Placed,16.21,MNC
STU0478,Tanvi Jain,Female,ME,2026,9.41,9.22,0,5,7,82,3,81.1,No,0,None,85,Placed,9.37,Startup
STU0479,Nisha Mishra,Female,ECE,2024,6.66,9.04,0,9,9,74,4,66.2,No,0,None,85,Placed,5.5,MNC
STU0480,Sakshi Patel,Female,MBA,2025,5.73,8.92,1,8,3,84,6,96,Yes,9,Finance,73,Placed,4.41,Startup
STU0481,Simran Gupta,Female,BBA,2025,7.61,5.42,3,9,6,56,2,76.1,Yes,10,Cloud Computing,69,Placed,6.38,Startup
STU0482,Sakshi Singh,Female,IT,2024,7.08,5.55,0,7,5,96,6,83.6,Yes,6,Marketing,87,Placed,6.63,Startup
STU0483,Amit Patel,Male,CSE,2024,9.6,9.31,0,6,6,65,0,96.3,Yes,7,Data Analytics,87,Placed,10.88,Mid-Size
STU0484,Harsh Yadav,Male,ME,2026,5.7,5.33,0,8,8,91,0,62.5,No,0,None,73,Placed,3.15,Mid-Size
STU0485,Nisha Verma,Female,IT,2026,8.3,6.45,2,3,10,54,0,85.6,Yes,1,Marketing,69,Placed,5.97,MNC
STU0486,Mohit Tiwari,Male,CSE,2025,8.06,6.71,0,9,8,69,4,65.4,Yes,8,AI/ML,94,Placed,6.82,MNC
STU0487,Amit Verma,Male,CSE,2024,8.22,9.54,1,6,6,50,5,60.6,Yes,6,Web Development,78,Not Placed,0,None
STU0488,Khushi Gupta,Female,CSE,2024,8.29,6.75,0,9,9,49,5,93.5,No,0,None,93,Placed,6.82,Startup
STU0489,Rohit Jain,Male,ME,2024,8.52,5.62,0,7,7,50,5,99.4,Yes,10,AI/ML,92,Placed,17.06,Startup
STU0490,Aditi Singh,Female,MBA,2026,6.2,7.27,0,10,5,70,0,85.9,Yes,10,AI/ML,79,Placed,3.92,MNC
STU0491,Rahul Yadav,Male,MBA,2026,8.19,9.22,0,10,9,88,5,72.8,No,0,None,97,Placed,8.01,Startup
STU0492,Sumit Yadav,Male,ME,2026,6.87,8.76,0,9,10,84,3,93.9,No,0,None,89,Placed,5.08,Startup
STU0493,Priya Jain,Female,MBA,2026,8.7,5.86,0,9,7,96,2,90.6,Yes,5,Cloud Computing,97,Placed,16.22,Startup
STU0494,Ravi Gupta,Male,ME,2024,8.77,7.25,0,3,3,98,0,90,Yes,4,AI/ML,74,Placed,9.67,MNC
STU0495,Nitin Sharma,Male,ECE,2025,5.96,6.36,0,7,10,100,5,96.8,No,0,None,85,Placed,5.27,Startup
STU0496,Simran Singh,Female,ME,2024,8.37,9.42,1,3,10,99,4,81.2,Yes,9,Finance,85,Placed,9.29,Startup
STU0497,Amit Gupta,Male,MBA,2024,6.13,5.75,0,6,3,61,5,95.6,No,0,None,67,Placed,3.33,Mid-Size
STU0498,Ayush Verma,Male,IT,2024,6.97,9.16,0,9,4,57,0,88.6,Yes,3,Cloud Computing,77,Placed,4.75,Mid-Size
STU0499,Manish Singh,Male,BBA,2025,6.03,7.46,0,4,4,96,1,77.4,Yes,3,AI/ML,66,Not Placed,0,None
STU0500,Vivek Jain,Male,ECE,2024,6.28,5.07,1,8,9,53,0,82.1,Yes,3,Cloud Computing,74,Placed,5.39,MNC
STU0501,Shreya Singh,Female,IT,2026,7.82,8.3,0,7,5,45,6,76.7,Yes,4,Marketing,84,Placed,9.37,Startup
STU0502,Vikas Singh,Male,CSE,2025,8.76,9.46,3,6,5,74,5,78.8,Yes,8,Data Analytics,72,Not Placed,0,None
STU0503,Rahul Singh,Male,MBA,2025,5.88,5.43,0,8,10,74,0,86.5,Yes,7,Finance,82,Placed,4.88,Mid-Size
STU0504,Kavya Mishra,Female,ME,2024,5.69,5.07,1,3,7,85,3,85.7,No,0,None,59,Not Placed,0,None
STU0505,Nisha Yadav,Female,ECE,2024,5.59,5.64,0,10,6,90,2,89.8,No,0,None,78,Placed,3.03,Startup
STU0506,Priya Singh,Female,CSE,2024,6.41,7.86,0,3,4,45,2,98.5,Yes,4,Marketing,63,Not Placed,0,None
STU0507,Mohit Gupta,Male,CSE,2024,6.86,6.09,0,5,5,75,6,76.4,Yes,12,Finance,79,Placed,4.79,MNC
STU0508,Muskan Singh,Female,ECE,2026,9.1,8.45,0,6,8,80,1,73.3,Yes,8,Marketing,90,Placed,14.26,Startup
STU0509,Sahil Mishra,Male,MBA,2025,6.37,8.82,2,4,3,55,5,78.8,Yes,11,AI/ML,56,Placed,5.71,MNC
STU0510,Manish Jain,Male,ME,2024,8.55,6.15,0,8,8,73,3,71.6,No,0,None,88,Placed,15.86,MNC
STU0511,Ishita Tiwari,Female,CSE,2024,6.88,5.52,2,5,9,55,3,98.7,Yes,1,Cloud Computing,70,Not Placed,0,None
STU0512,Payal Verma,Female,CSE,2024,8.59,8.29,0,3,7,97,5,85.3,Yes,4,Cloud Computing,87,Placed,14.62,Mid-Size
STU0513,Muskan Tiwari,Female,BBA,2024,6.5,6.21,2,6,3,56,2,68.3,Yes,7,Cloud Computing,56,Not Placed,0,None
STU0514,Nisha Gupta,Female,ME,2024,9.37,8.46,0,3,6,65,5,81.9,No,0,None,80,Not Placed,0,None
STU0515,Arjun Gupta,Male,ME,2026,7.49,6.39,0,7,6,45,3,77,Yes,7,Data Analytics,80,Not Placed,0,None
STU0516,Amit Singh,Male,ME,2024,6.96,6.34,0,4,8,94,6,83.3,No,0,None,79,Placed,3.7,MNC
STU0517,Priya Jain,Female,ME,2025,9.22,7.87,1,8,10,81,4,66.7,Yes,6,Cloud Computing,97,Placed,12.18,Startup
STU0518,Amit Tiwari,Male,MBA,2024,7.7,8.68,2,3,5,84,5,96.5,Yes,3,AI/ML,68,Placed,6.72,Startup
STU0519,Khushi Yadav,Female,MBA,2026,6.96,5.66,0,8,9,54,6,71.5,No,0,None,85,Placed,5.6,Startup
STU0520,Komal Singh,Female,ME,2024,9.26,8.42,0,7,6,94,3,92.3,No,0,None,89,Placed,10.33,Mid-Size
STU0521,Ayush Dubey,Male,CSE,2025,7.32,8.92,0,4,8,45,4,75.5,No,0,None,72,Placed,5.29,Startup
STU0522,Khushi Sharma,Female,BBA,2024,5.57,6.16,0,8,7,76,0,96.4,Yes,1,Finance,76,Not Placed,0,None
STU0523,Sumit Patel,Male,IT,2025,8.52,9.45,0,6,6,62,5,63.8,Yes,3,Marketing,86,Placed,9.51,Startup
STU0524,Vikas Yadav,Male,MBA,2024,8.97,5.38,3,6,8,53,5,79.4,Yes,8,Cloud Computing,76,Placed,15.64,Startup
STU0525,Raj Singh,Male,MBA,2024,7.83,8.02,0,9,4,87,5,74.7,No,0,None,85,Placed,6.61,Startup
STU0526,Amit Jain,Male,BBA,2026,8.48,9.39,0,10,6,66,0,69.6,No,0,None,84,Placed,8.87,MNC
STU0527,Muskan Sharma,Female,ECE,2024,8.36,8.94,0,5,6,67,1,94.9,Yes,8,Finance,81,Placed,6.7,Startup
STU0528,Ankit Patel,Male,CSE,2026,5.97,8.19,0,6,5,94,1,68.4,No,0,None,66,Placed,3.15,Startup
STU0529,Mohit Jain,Male,BBA,2024,6.48,6.85,1,3,8,68,2,67.7,Yes,9,Marketing,65,Placed,4.06,Startup
STU0530,Sneha Tiwari,Female,IT,2024,8.63,6.37,0,6,7,61,5,72,Yes,5,Finance,89,Placed,13.45,Mid-Size
STU0531,Nitin Jain,Male,BBA,2026,6.18,8.65,0,8,7,81,4,92.4,No,0,None,79,Placed,5.02,MNC
STU0532,Vikas Dubey,Male,BBA,2026,7.76,7.23,2,4,4,75,3,61.7,Yes,3,Data Analytics,63,Not Placed,0,None
STU0533,Vivek Dubey,Male,CSE,2025,7.12,5.07,0,5,9,69,5,71.5,Yes,1,Finance,85,Placed,7.17,MNC
STU0534,Ishita Jain,Female,ECE,2024,9.76,8.49,0,8,10,60,3,81.4,No,0,None,97,Not Placed,0,None
STU0535,Vikas Yadav,Male,ECE,2026,8.37,8.96,3,8,10,85,5,93.6,Yes,2,AI/ML,86,Placed,6.9,MNC
STU0536,Aditya Dubey,Male,BBA,2024,5.99,9.51,0,7,9,97,0,83.7,Yes,10,Finance,81,Not Placed,0,None
STU0537,Rohit Singh,Male,IT,2025,7.3,6.14,0,7,9,92,3,89.3,Yes,4,Data Analytics,91,Placed,5.31,Mid-Size
STU0538,Sumit Dubey,Male,ME,2025,6.53,8.48,1,4,4,77,4,94.8,Yes,9,Web Development,66,Placed,3.73,Mid-Size
STU0539,Sneha Yadav,Female,IT,2025,7.32,9.64,1,6,6,58,1,93,Yes,8,Cloud Computing,72,Not Placed,0,None
STU0540,Priya Mishra,Female,BBA,2025,7.53,8.26,1,10,10,98,2,67.1,Yes,11,AI/ML,93,Placed,5.36,Mid-Size
STU0541,Arjun Tiwari,Male,IT,2025,7.2,6.74,0,5,8,79,0,73.6,No,0,None,72,Placed,5,MNC
STU0542,Karan Patel,Male,BBA,2024,6.08,6.76,0,7,8,45,4,90,Yes,7,Web Development,80,Placed,4.07,Mid-Size
STU0543,Sahil Jain,Male,BBA,2025,9.56,5.82,0,6,10,65,0,77.3,Yes,3,AI/ML,93,Placed,8.61,Mid-Size
STU0544,Rahul Gupta,Male,ME,2024,9.73,5.51,1,8,10,55,0,72.9,No,0,None,86,Not Placed,0,None
STU0545,Aditi Jain,Female,BBA,2024,7.86,7.64,3,9,3,80,4,80,Yes,11,Data Analytics,70,Placed,8.58,MNC
STU0546,Megha Gupta,Female,IT,2024,6.32,6.94,0,9,9,88,1,81.9,Yes,11,Web Development,87,Placed,5.33,MNC
STU0547,Arjun Sharma,Male,CSE,2024,7.8,5.21,1,8,5,49,2,67.3,No,0,None,70,Placed,9.29,Startup
STU0548,Aditi Tiwari,Female,CSE,2024,7.71,5.74,1,3,3,56,3,97.1,Yes,10,Web Development,64,Placed,8.45,Startup
STU0549,Ankit Singh,Male,ECE,2024,7.12,6.7,0,10,7,54,5,67.6,Yes,2,Cloud Computing,90,Placed,9.67,Startup
STU0550,Arjun Dubey,Male,MBA,2025,6.71,5.44,0,4,5,91,3,67.2,Yes,1,Web Development,73,Placed,4.93,MNC
STU0551,Vikas Mishra,Male,CSE,2025,9.25,6.09,0,3,3,52,2,91,No,0,None,69,Placed,16.15,Mid-Size
STU0552,Riya Gupta,Female,CSE,2024,9.01,7.02,2,5,5,81,0,98.3,Yes,6,Marketing,71,Placed,16.14,Startup
STU0553,Vikas Mishra,Male,BBA,2026,6.33,6.02,1,9,9,95,0,84.8,No,0,None,76,Placed,4.02,Startup
STU0554,Ravi Patel,Male,CSE,2025,8.87,7.84,0,8,7,80,5,62.2,No,0,None,91,Placed,14.55,Mid-Size
STU0555,Aditya Sharma,Male,IT,2026,5.75,5.1,0,6,9,59,1,89,No,0,None,70,Placed,3.41,Mid-Size
STU0556,Ankit Gupta,Male,IT,2024,8.83,9.39,1,5,6,95,6,88.4,Yes,4,Marketing,87,Placed,13.24,Startup
STU0557,Sneha Verma,Female,MBA,2024,8.43,9.4,0,10,7,85,5,95.5,Yes,11,Data Analytics,97,Placed,6.88,Mid-Size
STU0558,Kavya Sharma,Female,ME,2025,5.54,7.43,0,3,7,61,3,99.4,No,0,None,62,Not Placed,0,None
STU0559,Karan Mishra,Male,ECE,2026,7.87,5.54,0,9,3,73,4,94.6,No,0,None,81,Placed,8.77,MNC
STU0560,Priya Gupta,Female,BBA,2026,9.52,8.24,0,3,7,58,4,64.7,No,0,None,79,Not Placed,0,None
STU0561,Ishita Yadav,Female,MBA,2026,6.17,5.96,0,6,6,84,3,72.3,No,0,None,71,Placed,4.72,MNC
STU0562,Aditi Dubey,Female,BBA,2025,7.38,9.42,0,7,9,75,3,65.5,Yes,9,Finance,88,Placed,7.45,Startup
STU0563,Karan Singh,Male,ME,2026,7.68,9.66,0,7,5,67,2,76.8,Yes,5,AI/ML,80,Placed,8.78,Mid-Size
STU0564,Manish Singh,Male,MBA,2026,7.34,5.03,0,6,7,85,6,83.3,No,0,None,83,Not Placed,0,None
STU0565,Rohit Singh,Male,IT,2024,9.47,5.25,0,3,6,46,6,62.1,No,0,None,78,Placed,8.32,Startup
STU0566,Komal Yadav,Female,ECE,2024,9.31,6.44,0,10,3,99,4,88.2,Yes,11,Marketing,97,Placed,15.17,Startup
STU0567,Shreya Tiwari,Female,ECE,2026,6.55,7.75,1,4,3,86,0,90.8,No,0,None,54,Placed,4.02,MNC
STU0568,Muskan Jain,Female,BBA,2024,8.05,5.13,0,10,8,94,5,99.1,Yes,4,Web Development,97,Placed,5.39,Mid-Size
STU0569,Aditya Mishra,Male,MBA,2025,9.36,7.5,2,6,10,59,6,95.6,Yes,8,Cloud Computing,90,Placed,9.19,Mid-Size
STU0570,Ritu Patel,Female,IT,2024,5.89,8.14,0,6,7,69,2,80.7,No,0,None,69,Not Placed,0,None
STU0571,Megha Verma,Female,IT,2024,6.75,9.16,0,9,6,62,5,71.5,Yes,6,Cloud Computing,86,Placed,3.78,Mid-Size
STU0572,Vivek Verma,Male,CSE,2026,9.22,9.02,0,7,6,45,0,62,Yes,8,Finance,83,Placed,17.62,Startup
STU0573,Pooja Sharma,Female,ECE,2024,9.69,6.57,0,4,7,45,0,85.7,Yes,1,Web Development,82,Placed,16.18,Startup
STU0574,Anjali Verma,Female,CSE,2026,7.62,5.43,1,6,7,60,3,64.7,Yes,6,Marketing,76,Not Placed,0,None
STU0575,Mohit Tiwari,Male,IT,2025,6.93,5.85,0,6,7,48,0,73.7,No,0,None,68,Not Placed,0,None
STU0576,Khushi Singh,Female,BBA,2024,6.08,5.45,0,8,8,71,3,81,No,0,None,78,Placed,4.87,Mid-Size
STU0577,Ritu Tiwari,Female,MBA,2024,8.64,7.02,0,9,5,53,4,72,Yes,4,Data Analytics,90,Not Placed,0,None
STU0578,Shreya Patel,Female,ME,2026,6.29,9.53,0,9,6,53,2,70.2,No,0,None,73,Placed,3.93,Startup
STU0579,Payal Tiwari,Female,ECE,2025,6.1,8.04,0,7,7,86,4,98.9,Yes,7,Data Analytics,83,Placed,5.03,Mid-Size
STU0580,Sneha Singh,Female,IT,2026,6.46,6.74,0,3,10,67,3,96.2,Yes,3,AI/ML,78,Placed,3.05,Mid-Size
STU0581,Rohit Tiwari,Male,ME,2025,5.78,7.27,0,4,5,68,0,84,No,0,None,57,Not Placed,0,None
STU0582,Khushi Yadav,Female,IT,2026,9.47,6.05,0,7,8,64,1,89.1,Yes,4,AI/ML,93,Placed,15.8,Startup
STU0583,Harsh Verma,Male,BBA,2025,7.12,9.13,1,5,3,93,2,80.4,Yes,6,Marketing,67,Placed,7.85,Startup
STU0584,Manish Patel,Male,BBA,2024,6.58,5.33,0,8,8,48,4,75.6,No,0,None,78,Placed,5.52,MNC
STU0585,Arjun Yadav,Male,ECE,2024,5.6,5.67,1,9,9,48,2,87.1,Yes,9,Data Analytics,76,Placed,3,MNC
STU0586,Priya Gupta,Female,ECE,2024,8.22,7.89,1,4,8,58,4,94.4,Yes,12,Marketing,79,Placed,7.55,MNC
STU0587,Vikas Patel,Male,BBA,2024,6.88,6.91,0,3,8,98,1,64.9,Yes,10,Marketing,75,Not Placed,0,None
STU0588,Akash Patel,Male,ECE,2024,7.32,9.7,0,6,7,63,0,60.2,No,0,None,70,Placed,6.21,Startup
STU0589,Sakshi Jain,Female,BBA,2025,6.55,6.8,1,7,6,64,1,90.7,Yes,5,Data Analytics,71,Not Placed,0,None
STU0590,Ritu Mishra,Female,ECE,2026,7.43,6.35,0,8,9,85,1,72.4,Yes,3,Cloud Computing,89,Placed,5.89,Startup
STU0591,Priya Tiwari,Female,IT,2026,8.92,5.71,0,7,9,69,1,85.9,Yes,11,Data Analytics,93,Placed,8.56,Mid-Size
STU0592,Ishita Sharma,Female,IT,2025,5.58,5.19,0,10,8,91,5,70.6,Yes,5,Data Analytics,90,Placed,3.23,Startup
STU0593,Nisha Verma,Female,ME,2025,6.42,6.26,0,8,10,75,1,97.7,Yes,8,Data Analytics,87,Placed,5.17,MNC
STU0594,Sakshi Dubey,Female,BBA,2025,9.12,7.37,0,6,4,49,0,69.6,Yes,1,Data Analytics,78,Placed,16.61,Startup
STU0595,Tanvi Gupta,Female,ECE,2026,9.6,7.98,0,9,5,89,0,72.6,No,0,None,88,Placed,10.33,Startup
STU0596,Arjun Jain,Male,BBA,2024,8.14,8.21,0,8,5,80,3,79.7,Yes,1,Web Development,88,Placed,8.83,Mid-Size
STU0597,Ravi Patel,Male,ME,2024,8.08,7.8,1,3,7,76,2,61.5,No,0,None,66,Not Placed,0,None
STU0598,Sahil Dubey,Male,ECE,2025,5.56,7.2,0,10,8,85,5,72.9,Yes,10,AI/ML,89,Placed,3.95,Mid-Size
STU0599,Priya Mishra,Female,CSE,2026,8.63,8.71,1,4,5,55,0,92.9,Yes,10,Marketing,69,Placed,11.12,Mid-Size
STU0600,Ishita Sharma,Female,ME,2026,9.19,8.33,0,5,9,57,5,68.9,Yes,1,AI/ML,92,Placed,9.66,Mid-Size
